"Title","ID","Created Date","Updated Date","Owner","Code"
"IFM E43207","00e98080-9145-4fc4-9bb7-7e55eba42ca1",2024-07-04T15:50:12Z,2024-07-04T15:51:15Z,"8901a580-8b7d-4cf0-9262-299d87e21186","E43207"
"IFM IF 5597","0175ae25-873c-4b4e-b282-be91d81327bd",2024-07-04T15:51:35Z,2024-07-04T15:51:52Z,"8901a580-8b7d-4cf0-9262-299d87e21186","IF 5597"
"IFM EBC 114","029d1229-fba1-4b66-a224-511645003c20",2024-07-04T15:50:13Z,2024-07-04T15:51:19Z,"8901a580-8b7d-4cf0-9262-299d87e21186","EBC 114"
"OMRON E2E-X5Y1-M1","0359b45b-38a3-4fb4-8b60-4ac2f465ebef",2024-07-04T16:01:46Z,2024-07-04T16:02:02Z,"8901a580-8b7d-4cf0-9262-299d87e21186","OMRON E2E-X5Y1-M1"
"KLASCHKA HAD-11ms60b1-5Sd1","056b8fcc-4d4c-4bad-a457-ce3ade2fec0c",2024-07-04T15:54:00Z,2024-07-04T15:54:34Z,"8901a580-8b7d-4cf0-9262-299d87e21186","HAD-11ms60b1-5Sd1 132666"
"OP-51428","06a799ef-871a-431d-b313-c9bc27a53f42",2024-07-04T16:02:59Z,2024-07-04T16:03:28Z,"8901a580-8b7d-4cf0-9262-299d87e21186","OP-51428"
"NÖDİNG P121-4A8-F3K","07669b8c-6041-454b-b06f-b765d17472ff",2024-07-04T15:59:49Z,2024-07-04T16:00:22Z,"8901a580-8b7d-4cf0-9262-299d87e21186","NÖDİNG P121-4A8-F3K"
"ELTRA EH80C2048Z5/28L14X3MR.197+454","07dd489d-d6d0-4860-a4cd-13a3e6166551",2024-07-04T15:46:10Z,2024-07-04T15:46:45Z,"8901a580-8b7d-4cf0-9262-299d87e21186","ELTRA EH80C2048Z5/28L14X3MR.197+454"
"LEUZE ISS 108MM/4NO-2E0","08d49421-b12e-465a-8f19-9f0f5dcc4ada",2024-07-04T15:58:29Z,2024-07-04T15:58:38Z,"8901a580-8b7d-4cf0-9262-299d87e21186","LEUZE 50134732 LEUZE ISS 108MM/4NO-2E0"
"EUCHNER GSBF08D12-502-M","0972e676-10d8-46b3-acd4-c44a10933290",2024-07-04T15:48:02Z,2024-07-04T15:48:52Z,"8901a580-8b7d-4cf0-9262-299d87e21186","EUCHNER 085918 EUCHNER GSBF08D12-502-M"
"BAUMER EIL 580-TT14.5RE.04096.A","0cb8e556-be05-451c-9e02-fb38097761f5",2024-07-04T15:45:27Z,2024-07-04T15:45:33Z,"8901a580-8b7d-4cf0-9262-299d87e21186","11120931"
"OMRON E2B-M18KN16-M1-B1","0dc91c8b-eeab-4731-b015-70a5121e1bd9",2024-07-04T16:01:27Z,2024-07-04T16:01:45Z,"8901a580-8b7d-4cf0-9262-299d87e21186","OMRON E2B-M18KN16-M1-B1"
"PANASONIC CN-73-C2","0e0c1e4d-cf0d-4377-bbad-3f03c396c6c4",2024-07-04T16:03:28Z,2024-07-04T16:03:39Z,"8901a580-8b7d-4cf0-9262-299d87e21186","CN-73-C2"
"PANASONIC CY-192A-P-Z-Y","0ff5f475-efaa-43c4-816f-b51c48698c83",2024-07-04T16:04:02Z,2024-07-04T16:04:21Z,"8901a580-8b7d-4cf0-9262-299d87e21186","CY-192A-P-Z-Y"
"LEUZE PRK 18/24 DL.46","10106f54-0dd0-494f-958c-1a1de813cba7",2024-07-04T15:59:01Z,2024-07-04T15:59:21Z,"8901a580-8b7d-4cf0-9262-299d87e21186","LEUZE 50032798 LEUZE PRK 18/24 DL.46"
"BALLUF BES01M8","1170cb4c-de18-4fdb-bbd0-e47e798561f6",2024-07-04T15:44:04Z,2024-07-04T15:44:14Z,"8901a580-8b7d-4cf0-9262-299d87e21186","BES 516-384-EO-C-03"
"KLASCHKA IAD-12eg60b2-12S2A","1198dffa-08a7-4717-acc9-4664119a9688",2024-07-04T15:56:58Z,2024-07-04T15:57:12Z,"8901a580-8b7d-4cf0-9262-299d87e21186"," IAD-12eg60b2-12S2A 112489"
"IFM IE5287","13364f56-ed36-4924-9ae6-2d467d56e77d",2024-07-04T15:50:18Z,2024-07-04T15:51:47Z,"8901a580-8b7d-4cf0-9262-299d87e21186","IE5287"
"IFM IN5379","14b6cf97-759b-4195-9638-9fb5234d4fa3",2024-07-04T15:51:41Z,2024-07-04T15:52:31Z,"8901a580-8b7d-4cf0-9262-299d87e21186","IN5379"
"BALLUF BES024F","15bb15e8-3729-4b57-9522-8dd8e585f011",2024-07-04T15:44:05Z,2024-07-04T15:44:21Z,"8901a580-8b7d-4cf0-9262-299d87e21186","BES 517-224-M5-E"
"EUCHNER ES777","16dbb202-be26-4157-8251-491c5848bdf0",2024-07-04T15:48:00Z,2024-07-04T15:48:22Z,"8901a580-8b7d-4cf0-9262-299d87e21186","EUCHNER 008401 EUCHNER ES777 "
"IFM IS5003","18edaf15-8ada-4363-b0e0-e219068da101",2024-07-04T15:51:42Z,2024-07-04T15:52:35Z,"8901a580-8b7d-4cf0-9262-299d87e21186","IS5003"
"BALLUF BMF0072","19313d9f-78ec-49b1-bdd2-215b37243a57",2024-07-04T15:44:47Z,2024-07-04T15:45:24Z,"8901a580-8b7d-4cf0-9262-299d87e21186","BMF 307K-PS-C-2-SA2-S49-00,3"
"ASCON TLK43 LVR","1b3bedbc-9a01-4e2f-bcd7-b0ad91625f28",2024-07-04T15:42:55Z,2024-07-04T15:43:01Z,"8901a580-8b7d-4cf0-9262-299d87e21186","ASCON TLK43 LVR"
"EUCHNER RGBF04D16-502-M","1b85f95a-fbdc-462b-8017-be9a415eea5c",2024-07-04T15:48:03Z,2024-07-04T15:48:57Z,"8901a580-8b7d-4cf0-9262-299d87e21186","EUCHNER 088377 EUCHNER RGBF04D16-502-M "
"OMRON E3Z-R81","1cac357c-7736-4ced-8d6d-6d71154d0411",2024-07-04T16:02:12Z,2024-07-04T16:02:29Z,"8901a580-8b7d-4cf0-9262-299d87e21186","OMRON E3Z-R81"
"EUCHNER BETAETIGUNGSKOPF TP","1e31b1bb-84d4-4053-a602-98ea5d281cae",2024-07-04T15:47:05Z,2024-07-04T15:47:33Z,"8901a580-8b7d-4cf0-9262-299d87e21186","EUCHNER 078768 EUCHNER BETAETIGUNGSKOPF TP"
"BALLUF BES02M9","1fe0283b-bb92-42da-a3e0-90a70d340370",2024-07-04T15:44:07Z,2024-07-04T15:44:40Z,"8901a580-8b7d-4cf0-9262-299d87e21186","BES 113-356-SA6-PU-03"
"IFM IL5012","20b5eb6e-d3a9-405a-8abd-da17591375e8",2024-07-04T15:50:06Z,2024-07-04T15:50:32Z,"8901a580-8b7d-4cf0-9262-299d87e21186","IL5012"
"AECO FT13-CF NPN","21dbd24e-6299-4d89-a2a2-a03fb0314a0b",2024-07-04T15:39:41Z,2024-07-04T15:39:47Z,"8901a580-8b7d-4cf0-9262-299d87e21186","AECO FTQ000099"
"IFM OJ5058","22466ca3-77fe-47eb-9875-b2d75addef6d",2024-07-04T15:52:41Z,2024-07-04T15:53:21Z,"8901a580-8b7d-4cf0-9262-299d87e21186","OJ5058"
"NÖDİNG P131-4A8-V35","22bc98f4-4e8e-4ad5-b5ef-3311a09803f6",2024-07-04T16:00:39Z,2024-07-04T16:00:49Z,"8901a580-8b7d-4cf0-9262-299d87e21186","NÖDİNG P131-4A8-V35"
"ELTRA ER40A1000S5/28PB6X6PR.249","234debf2-d619-4467-a3d6-8e4d6462141f",2024-07-04T15:47:03Z,2024-07-04T15:47:21Z,"8901a580-8b7d-4cf0-9262-299d87e21186","ELTRA ER40A1000S5/28PB6X6PR.249"
"IFM EVC151","25ef54dc-4a1b-4388-a5ff-5fcb7fdf1fe6",2024-07-04T15:50:15Z,2024-07-04T15:51:29Z,"8901a580-8b7d-4cf0-9262-299d87e21186","EVC151"
"LEUZE HRTR 25B/66","261dc935-3f9f-4b78-a3e7-5a6ab4c2916f",2024-07-04T15:57:30Z,2024-07-04T15:57:51Z,"8901a580-8b7d-4cf0-9262-299d87e21186","LEUZE 50115150 LEUZE HRTR 25B/66"
"SMC D-M9B","26abfb8c-0217-4ada-a42a-4892e0de8168",2024-07-04T16:05:55Z,2024-07-04T16:06:04Z,"8901a580-8b7d-4cf0-9262-299d87e21186","SMC D-M9B"
"AECO FT08M-CBE LC5.5","28944349-776f-4f3b-8c6e-eed2edc05de9",2024-07-04T15:39:32Z,2024-07-04T15:39:41Z,"8901a580-8b7d-4cf0-9262-299d87e21186","AECO FT1000421"
"OMRON E2B-M18KS08-WP-B1","2c9b460e-3660-4b17-a802-aeab539e53a5",2024-07-04T16:01:46Z,2024-07-04T16:01:58Z,"8901a580-8b7d-4cf0-9262-299d87e21186","OMRON E2B-M18KS08-WP-B1"
"LR-ZB250CP","2da46cbe-29fb-4a6a-8139-2fd4926d1b02",2024-07-04T15:59:04Z,2024-07-04T15:59:37Z,"8901a580-8b7d-4cf0-9262-299d87e21186","LR-ZB250CP"
"FU-67V","2e36c4bd-121b-4987-9c64-e8de4c1692a1",2024-07-04T15:49:34Z,2024-07-04T15:50:06Z,"8901a580-8b7d-4cf0-9262-299d87e21186","FU-67V"
"IFM VSE002","2f1a38ae-c9df-4d88-b5ad-2ef21e6e4419",2024-07-04T15:52:45Z,2024-07-04T15:53:41Z,"8901a580-8b7d-4cf0-9262-299d87e21186","VSE002"
"FM AC5000","3077ab8b-77a5-4996-a956-b57e470f6c70",2024-07-04T15:49:35Z,2024-07-04T15:50:27Z,"8901a580-8b7d-4cf0-9262-299d87e21186","AC5000"
"BAUMER IFRM 12P1701/S14L","30b9eb10-2671-4a47-8d3c-a7809b5b2455",2024-07-04T15:45:39Z,2024-07-04T15:45:47Z,"8901a580-8b7d-4cf0-9262-299d87e21186","10214930"
"KLASCHKA HAD-11ms60b2,5-5S1","31034b8e-7890-40f9-9983-c2043b177d35",2024-07-04T15:53:50Z,2024-07-04T15:54:19Z,"8901a580-8b7d-4cf0-9262-299d87e21186","HAD-11ms60b2,5-5S1 132613"
"OMRON E3X-NA41","32759de7-393f-47b0-9e52-1293211cf9f5",2024-07-04T16:02:11Z,2024-07-04T16:02:25Z,"8901a580-8b7d-4cf0-9262-299d87e21186","OMRON E3X-NA41"
"SCHMERSAL ZR 236-11Z-M20","32a4ba0d-9f06-4595-8ae8-6ef80a9ce524",2024-07-04T16:05:31Z,2024-07-04T16:13:01Z,"8901a580-8b7d-4cf0-9262-299d87e21186","(PS216-Z11-S200+PS-R200) 101153241"
"KLASCHKA HAD-11ms60b1-5SD7","3829304e-61f2-4ca5-bd9a-542e02b7c2b8",2024-07-04T15:54:04Z,2024-07-04T15:54:38Z,"8901a580-8b7d-4cf0-9262-299d87e21186","HAD-11ms60b1-5SD7 133205"
"AECO SI12SS-DCE8 NPN NO S","3930e6f2-a8eb-4107-9a11-33673fcfef75",2024-07-04T15:41:15Z,2024-07-04T15:41:26Z,"8901a580-8b7d-4cf0-9262-299d87e21186","AECO I12000712"
"LEUZE ET28.3/4P-M12","3bb52eb2-3c96-4d95-a549-cbeacb9f252b",2024-07-04T15:57:24Z,2024-07-04T15:57:39Z,"8901a580-8b7d-4cf0-9262-299d87e21186","LEUZE 50122596 LEUZE ET28.3/4P-M12"
"LEUZE KDU-M12-5A-V1-050","3d2baecc-8dd8-48af-a33c-4fe935bc5824",2024-07-04T15:58:29Z,2024-07-04T15:58:48Z,"8901a580-8b7d-4cf0-9262-299d87e21186","LEUZE 50132079 LEUZE KDU-M12-5A-V1-050"
"KLASCHKA JSM18V4","3d87ce63-cc91-4313-8613-092c81152e5d",2024-07-04T15:57:00Z,2024-07-04T15:57:24Z,"8901a580-8b7d-4cf0-9262-299d87e21186","JSM18V4 139814"
"AECO SIA12-CE PNP NO H1 R","3eb799e3-7b60-49ff-8241-cb0b8ead271f",2024-07-04T15:41:46Z,2024-07-04T15:41:52Z,"8901a580-8b7d-4cf0-9262-299d87e21186","AECO SIA000140"
"OMRON E2B-M18KS08-M1-B1","3f00c7c4-3d4a-4548-9a0c-24fde71b87e3",2024-07-04T16:01:45Z,2024-07-04T16:01:53Z,"8901a580-8b7d-4cf0-9262-299d87e21186","OMRON E2B-M18KS08-M1-B1"
"SCHMERSAL AZ 15/16-B6","40cc6e36-18d6-4b01-8009-850fd5358220",2024-07-04T16:04:51Z,2024-07-04T16:05:08Z,"8901a580-8b7d-4cf0-9262-299d87e21186","101137434"
"OMRON S8VK-T12024","41deaff2-447d-4efd-b1ce-9ffc637520f2",2024-07-04T16:02:52Z,2024-07-04T16:03:12Z,"8901a580-8b7d-4cf0-9262-299d87e21186","OMRON S8VK-T12024"
"SCHMERSAL BPS 16","43d0d64f-4eee-4036-a725-bb21a828b39b",2024-07-04T16:04:53Z,2024-07-04T16:05:19Z,"8901a580-8b7d-4cf0-9262-299d87e21186","101172566"
"AECO SC30SP-CE25 PNP NO+NC","43f70dce-d38e-482e-8579-b614d09d4ad1",2024-07-04T15:40:40Z,2024-07-04T15:40:47Z,"8901a580-8b7d-4cf0-9262-299d87e21186","AECO C30000045"
"FS-M1P","442a57e0-bf7c-49b5-9f22-db99298c74f2",2024-07-04T15:48:06Z,2024-07-04T15:49:15Z,"8901a580-8b7d-4cf0-9262-299d87e21186","FS-M1P"
"NÖDİNG PDM80-2510-011","470fafe8-9b46-4b07-8f6d-7220f3400998",2024-07-04T16:00:50Z,2024-07-04T16:01:25Z,"8901a580-8b7d-4cf0-9262-299d87e21186","NÖDİNG PDM80-2510-011"
"IFM IM5123","4911d198-6aed-40b0-8af4-1003c6eea1a5",2024-07-04T15:51:40Z,2024-07-04T15:52:21Z,"8901a580-8b7d-4cf0-9262-299d87e21186","IM5123"
"PANASONIC EQ-34-PN-J","4a5165d3-dc7e-49dd-b59e-64e234693d8a",2024-07-04T16:04:03Z,2024-07-04T16:04:27Z,"8901a580-8b7d-4cf0-9262-299d87e21186","EQ-34-PN-J"
"EUCHNER ES502E","4ba4e053-1460-4db7-8f87-1e4ee3cb3452",2024-07-04T15:47:07Z,2024-07-04T15:47:53Z,"8901a580-8b7d-4cf0-9262-299d87e21186","EUCHNER 010387 EUCHNER ES502E"
"NÖDİNG P126-4B1-411","4c9bfb5f-7726-4f73-968c-d891b31a9b28",2024-07-04T16:00:38Z,2024-07-04T16:00:43Z,"8901a580-8b7d-4cf0-9262-299d87e21186","NÖDİNG P126-4B1-411"
"AECO SI12-DCE8 NPN NO","4d420377-f716-434e-90cf-e1a4ec0d5de2",2024-07-04T15:41:09Z,2024-07-04T15:41:15Z,"8901a580-8b7d-4cf0-9262-299d87e21186","AECO I12000600"
"BALLUF BMF 003W","4fff4d7f-9807-4962-8389-e695a8fd327c",2024-07-04T15:44:46Z,2024-07-04T15:45:12Z,"8901a580-8b7d-4cf0-9262-299d87e21186","BMF 303K-PS-C-2-PU-03"
"AECO SIP25-C5 NPN NO+NC","52e285c0-00ee-4cf2-81f4-64ffef5d66a4",2024-07-04T15:41:53Z,2024-07-04T15:42:00Z,"8901a580-8b7d-4cf0-9262-299d87e21186","AECO SIP000069"
"NÖDİNG P121-4A9-F3K","54cc7bc3-baf8-4d54-9814-f540c5c9825c",2024-07-04T16:00:22Z,2024-07-04T16:00:31Z,"8901a580-8b7d-4cf0-9262-299d87e21186","NÖDİNG P121-4A9-F3K"
"PANASONIC RF-230","5580f77e-32ae-4c5b-9650-90de72a80bb7",2024-07-04T16:04:29Z,2024-07-04T16:04:51Z,"8901a580-8b7d-4cf0-9262-299d87e21186","RF-230"
"EUCHNER ES508E","5698c4e6-a04f-4d0d-a223-56827f82eb14",2024-07-04T15:47:04Z,2024-07-04T15:47:26Z,"8901a580-8b7d-4cf0-9262-299d87e21186","EUCHNER 020397 EUCHNER  ES508E "
"ASCON K85-LCRR-D-E
","57230f0c-7d2a-4c03-abde-5b05bfefd14a",2024-07-04T15:42:48Z,2024-07-04T15:42:54Z,"8901a580-8b7d-4cf0-9262-299d87e21186","ASCON K85-LCRR-D-E"
"NÖDİNG PDM80-2510-010","588218b9-5c14-4497-855a-a93f2e960398",2024-07-04T16:00:50Z,2024-07-04T16:01:10Z,"8901a580-8b7d-4cf0-9262-299d87e21186","NÖDİNG PDM80-2510-010"
"NÖDİNG P131-4B0-V17","58d0cfdc-ca5b-48ab-a03d-32e3a2657dde",2024-07-04T16:00:40Z,2024-07-04T16:00:56Z,"8901a580-8b7d-4cf0-9262-299d87e21186","NÖDİNG P131-4B0-V17"
"OMRON E3FA-RP21","58ed608b-2289-4298-bb34-9a82138d3970",2024-07-04T16:02:09Z,2024-07-04T16:02:17Z,"8901a580-8b7d-4cf0-9262-299d87e21186","OMRON E3FA-RP21"
"FS-V31P","598a6113-4214-4b40-b370-fb75aba50222",2024-07-04T15:49:31Z,2024-07-04T15:49:48Z,"8901a580-8b7d-4cf0-9262-299d87e21186","FS-V31P"
"KLASCHKA IAD-12fg50n5-1NK2A","5c3d06fa-32e3-4040-aae7-6e3cfef6071c",2024-07-04T15:56:59Z,2024-07-04T15:57:18Z,"8901a580-8b7d-4cf0-9262-299d87e21186","IAD-12fg50n5-1NK2A"
"EUCHNER ES510","5c87bc1f-5eaf-4d15-a809-c5d1bf09c100",2024-07-04T15:47:09Z,2024-07-04T15:48:16Z,"8901a580-8b7d-4cf0-9262-299d87e21186","EUCHNER 010422 EUCHNER ES510 "
"OMRON E2A-M18KS08-M1-B1","5d87d9a5-17cf-4674-a4c2-a92853aca44c",2024-07-04T16:01:26Z,2024-07-04T16:01:37Z,"8901a580-8b7d-4cf0-9262-299d87e21186","OMRON E2A-M18KS08-M1-B1"
"PANASONIC FX-MR2","5f64b7b5-8483-4cb7-93e2-90811f7be19f",2024-07-04T16:04:27Z,2024-07-04T16:04:41Z,"8901a580-8b7d-4cf0-9262-299d87e21186","FX-MR2"
"OMRON MY4IN-24DC(S)","5f77568b-41c3-438d-b60b-fefa7e854db3",2024-07-04T16:02:51Z,2024-07-04T16:03:08Z,"8901a580-8b7d-4cf0-9262-299d87e21186","OMRON MY4IN-24DC(S)"
"IFM OGH 501","5f9e98a7-7841-4a04-b1ae-d43723b42691",2024-07-04T15:52:40Z,2024-07-04T15:53:17Z,"8901a580-8b7d-4cf0-9262-299d87e21186","OGH 501"
"LEUZE PRK 3B/66","5fea98ab-6b77-43db-9a77-626d7ba1867c",2024-07-04T15:59:02Z,2024-07-04T15:59:27Z,"8901a580-8b7d-4cf0-9262-299d87e21186","LEUZE 50104693 LEUZE PRK 3B/66"
"BALLUF BES02MC","6792808a-e3d1-4463-81d9-47b4af01ca47",2024-07-04T15:44:43Z,2024-07-04T15:44:53Z,"8901a580-8b7d-4cf0-9262-299d87e21186","BES 113-356-SA6-S4"
"ELTRA ER38F200S5/30P10XXPR5","696c4679-2780-47c8-afda-b09a9f45298d",2024-07-04T15:46:52Z,2024-07-04T15:47:00Z,"8901a580-8b7d-4cf0-9262-299d87e21186","ELTRA ER38F200S5/30P10XXPR5"
"IFM EVC002","6b917b3e-f0b5-4bb4-a4b6-49db6180d2e9",2024-07-04T15:50:14Z,2024-07-04T15:51:24Z,"8901a580-8b7d-4cf0-9262-299d87e21186","EVC002"
"OMRON GRT1-OD4G-1","6dc5e950-6243-4a54-84d4-88522e877ae7",2024-07-04T16:02:34Z,2024-07-04T16:02:50Z,"8901a580-8b7d-4cf0-9262-299d87e21186","OMRON GRT1-OD4G-1"
"OMRON D4NL-1AFA-B","6f0a9814-36d6-4bff-96d8-d9ed4d77c12d",2024-07-04T16:01:25Z,2024-07-04T16:01:34Z,"8901a580-8b7d-4cf0-9262-299d87e21186","OMRON D4NL-1AFA-B"
"SMC ZSE40F-01-62L","72d306ea-137f-4555-8daf-1a4589b1f63c",2024-07-04T16:05:58Z,2024-07-04T16:06:16Z,"8901a580-8b7d-4cf0-9262-299d87e21186","SMC ZSE40F-01-62L"
"IFM OU5010","73b81d98-df85-4d0a-8a3c-d41354723b4f",2024-07-04T15:52:42Z,2024-07-04T15:53:26Z,"8901a580-8b7d-4cf0-9262-299d87e21186","OU5010"
"IFM KB5062","73f3d803-bc62-4223-b20c-580c78d95c78",2024-07-04T15:52:36Z,2024-07-04T15:52:53Z,"8901a580-8b7d-4cf0-9262-299d87e21186","KB5062"
"EUCHNER CES-AP-C01-CH-SB-111708","7578561f-64ea-4712-ad7e-9e5717614fd8",2024-07-04T15:47:05Z,2024-07-04T15:47:39Z,"8901a580-8b7d-4cf0-9262-299d87e21186","EUCHNER 111708 EUCHNER CES-AP-C01-CH-SB-111708"
"OMRON E3S-LS10XE4","75d06ce0-6303-4c10-ae3e-411a9fc31a1c",2024-07-04T16:02:10Z,2024-07-04T16:02:22Z,"8901a580-8b7d-4cf0-9262-299d87e21186","OMRON E3S-LS10XE4"
"OMRON GRT1-ROS2","7611fa2b-ce68-46f8-8f9f-9c811b1d728c",2024-07-04T16:02:50Z,2024-07-04T16:03:04Z,"8901a580-8b7d-4cf0-9262-299d87e21186","OMRON GRT1-ROS2"
"ELTRA ER40A200S5/28P6X6PR5.774","785e6d8f-344d-401d-9e91-423823029a2c",2024-07-04T15:46:05Z,2024-07-04T15:46:23Z,"8901a580-8b7d-4cf0-9262-299d87e21186","ELTRA  ER40A200S5/28P6X6PR5.774"
"IFM E30057","7ac77d95-aa5f-46f2-b984-9d63cedf5c70",2024-07-04T15:50:11Z,2024-07-04T15:51:09Z,"8901a580-8b7d-4cf0-9262-299d87e21186","E30057"
"IFM IIS234","7b09ced9-61a0-484d-b37b-5034e7e1ebf6",2024-07-04T15:51:38Z,2024-07-04T15:52:10Z,"8901a580-8b7d-4cf0-9262-299d87e21186","IIS234"
"EUCHNER GSBF04R08-552-M","7bf3d251-ef67-4110-9724-73db39932f49",2024-07-04T15:48:01Z,2024-07-04T15:48:27Z,"8901a580-8b7d-4cf0-9262-299d87e21186","EUCHNER 086565 EUCHNER GSBF04R08-552-M "
"KLASCHKA BDIF-m42rg-4s","7dca6fdc-057f-4dcd-9429-0f50e5a9b897",2024-07-04T15:53:50Z,2024-07-04T15:54:24Z,"8901a580-8b7d-4cf0-9262-299d87e21186","BDIF-m42rg-4s 130561"
"ELTRA ER40A100S5/28P6X6PR5.774","7ecc14fc-8940-40a6-a851-f964720d982d",2024-07-04T15:46:03Z,2024-07-04T15:46:18Z,"8901a580-8b7d-4cf0-9262-299d87e21186","ELTRA  ER40A100S5/28P6X6PR5.774"
"IFM DTE 100","80d97201-9574-481a-ab64-e0cd32159107",2024-07-04T15:50:08Z,2024-07-04T15:50:46Z,"8901a580-8b7d-4cf0-9262-299d87e21186","DTE 100"
"ELTRA 58D250S5/28P10X6CR.207","81f5e062-5450-45dd-bde4-f63e9785bba3",2024-07-04T15:46:06Z,2024-07-04T15:46:30Z,"8901a580-8b7d-4cf0-9262-299d87e21186","ELTRA 58D250S5/28P10X6CR.207"
"LR-ZB100CN","83951c0a-3da8-4d00-a16c-401665e487f6",2024-07-04T15:59:03Z,2024-07-04T15:59:32Z,"8901a580-8b7d-4cf0-9262-299d87e21186","LR-ZB100CN"
"LEUZE HRTR 25B/66-550F,200-S12","83fa2123-ff5f-4b66-9c82-d079196c8d54",2024-07-04T15:57:31Z,2024-07-04T15:57:57Z,"8901a580-8b7d-4cf0-9262-299d87e21186","LEUZE 50116841 LEUZE HRTR 25B/66-550F,200-S12"
"LEUZE HRTR 3B/66-S8","8564bc4c-e42a-4e9d-9ef3-cfe0b831cb71",2024-07-04T15:57:59Z,2024-07-04T15:58:23Z,"8901a580-8b7d-4cf0-9262-299d87e21186","LEUZE 50107229 LEUZE HRTR 3B/66-S8"
"PANASONIC CX-442-P-Z","857f4a44-c1d6-42cc-9097-156fb094d4f2",2024-07-04T16:03:30Z,2024-07-04T16:04:00Z,"8901a580-8b7d-4cf0-9262-299d87e21186","CX-442-P-Z"
"PANASONIC CX-423-P-Z","86598f4c-aa0c-46e5-80e1-31e91e46003e",2024-07-04T16:03:29Z,2024-07-04T16:03:53Z,"8901a580-8b7d-4cf0-9262-299d87e21186","CX-423-P-Z"
"BALLUF BCC034U","878a3071-ec5c-4b1f-81c2-307b87991c24",2024-07-04T15:43:19Z,2024-07-04T15:43:29Z,"8901a580-8b7d-4cf0-9262-299d87e21186","BCC M425-0000-1A-004-UX8334-050"
"FU-31","880412a3-6588-4a0b-a885-fa724ce60f35",2024-07-04T15:49:32Z,2024-07-04T15:49:51Z,"8901a580-8b7d-4cf0-9262-299d87e21186","FU-31"
"PANASONIC CX-422-P-Z","88fc9f45-f024-467c-a95b-6d8140016fbe",2024-07-04T16:03:29Z,2024-07-04T16:03:46Z,"8901a580-8b7d-4cf0-9262-299d87e21186","CX-422-P-Z"
"BALLUF BES01C7","890c4eb2-5892-4535-8bd0-b2f104148cee",2024-07-04T15:43:46Z,2024-07-04T15:43:57Z,"8901a580-8b7d-4cf0-9262-299d87e21186","BES 516-325-G-E5-Y-S4"
"KLASCHKA HAD-11ms60b2,5-5Y3","893bcb5c-4c13-4a3e-9ac3-efcc8692707b",2024-07-04T15:54:09Z,2024-07-04T15:56:04Z,"8901a580-8b7d-4cf0-9262-299d87e21186","HAD-11ms60b2,5-5Y3 132654"
"LEUZE HRTR 3B/66.200-S8","896e9178-2cd3-43d3-9462-cf57ebb536b8",2024-07-04T15:57:58Z,2024-07-04T15:58:18Z,"8901a580-8b7d-4cf0-9262-299d87e21186","LEUZE 50107230 LEUZE HRTR 3B/66.200-S8"
"AECO SMC-10 NO LC 10","8b2b64f3-d899-4d53-b890-841c16cf0688",2024-07-04T15:42:39Z,2024-07-04T15:42:46Z,"8901a580-8b7d-4cf0-9262-299d87e21186","AECO SMC000086"
"SCHMERSAL BPS 250","8b85f9fc-4f4f-4a5f-8051-b68a533b7328",2024-07-04T16:05:22Z,2024-07-04T16:05:28Z,"8901a580-8b7d-4cf0-9262-299d87e21186","101120594"
"SCHMERSAL SRB301MC-24V","8e8d01f2-02c2-44b1-befc-d78bc3ea0a24",2024-07-04T16:05:29Z,2024-07-04T16:05:42Z,"8901a580-8b7d-4cf0-9262-299d87e21186","101190684"
"EUCHNER TP3-4121A024M","8e91a567-a082-4993-92df-99e69d4982b0",2024-07-04T15:48:05Z,2024-07-04T15:49:10Z,"8901a580-8b7d-4cf0-9262-299d87e21186","EUCHNER 084135 EUCHNER TP3-4121A024M "
"EUCHNER EGT1/4R2000","900517a6-d186-418a-ae4d-bca00c349799",2024-07-04T15:47:06Z,2024-07-04T15:47:47Z,"8901a580-8b7d-4cf0-9262-299d87e21186","EUCHNER 093911 EUCHNER EGT1/4R2000"
"IFM PN3096","90328c93-e414-4c8b-9538-72f36035c6fd",2024-07-04T15:52:43Z,2024-07-04T15:53:32Z,"8901a580-8b7d-4cf0-9262-299d87e21186","PN3096"
"LEUZE ODSL 8/V66-500-S12","9220195b-3bff-4da0-9c2b-942e8142c61a",2024-07-04T15:59:00Z,2024-07-04T15:59:15Z,"8901a580-8b7d-4cf0-9262-299d87e21186","LEUZE 50101879 LEUZE ODSL 8/V66-500-S12"
"AECO SIQ80-CE50 PNP NO/NC K","93f44f32-9df6-46ac-96f1-eb3b3da84332",2024-07-04T15:42:20Z,2024-07-04T15:42:27Z,"8901a580-8b7d-4cf0-9262-299d87e21186","AECO SIP000116"
"IFM IL5021","941419d0-fabb-4a6a-a47d-e319319acae3",2024-07-04T15:51:39Z,2024-07-04T15:52:17Z,"8901a580-8b7d-4cf0-9262-299d87e21186","IL5021"
"KLASCHKA HAD-18sg80b2,5-5TK12m","94917678-534d-40b9-8241-2d26d77aa0d8",2024-07-04T15:56:32Z,2024-07-04T15:56:52Z,"8901a580-8b7d-4cf0-9262-299d87e21186","HAD-18sg80b2,5-5TK12m 132650"
"KLASCHKA HDD-12q50b0,4-55NK12m","96cb2233-aadc-4c8d-840d-0824a4b9fc0c",2024-07-04T15:56:33Z,2024-07-04T15:56:56Z,"8901a580-8b7d-4cf0-9262-299d87e21186","HDD-12q50b0,4-55NK12m 132658"
"IFM O5D100","96e0c2e9-4b81-4bb4-84b6-5a78f1882136",2024-07-04T15:52:37Z,2024-07-04T15:52:57Z,"8901a580-8b7d-4cf0-9262-299d87e21186","O5D100"
"IFM E10155","97f27f43-b3a9-41e0-adb5-eb5feb2a02ea",2024-07-04T15:50:09Z,2024-07-04T15:50:59Z,"8901a580-8b7d-4cf0-9262-299d87e21186","E10155"
"FS-V21RP","98adabd3-9439-4090-affe-d721b901de84",2024-07-04T15:49:29Z,2024-07-04T15:49:40Z,"8901a580-8b7d-4cf0-9262-299d87e21186","FS-V21RP"
"AECO SC 18SM-A5 NO+NC","99c0361d-df80-45e5-87e2-65a4f1b26177",2024-07-04T15:40:20Z,2024-07-04T15:40:27Z,"8901a580-8b7d-4cf0-9262-299d87e21186","AECO C18000087"
"BAUMER IR12.P10S-N50.PO1Z.7BO","9a11faac-44fa-405f-be5a-fb9697f859b2",2024-07-04T15:45:41Z,2024-07-04T15:46:00Z,"8901a580-8b7d-4cf0-9262-299d87e21186","11148574"
"KLASCHKA IAB-12GM60B2-3S1A","9b0444aa-9e2d-4af5-8149-cb27f220bbff",2024-07-04T15:56:56Z,2024-07-04T16:14:35Z,"8901a580-8b7d-4cf0-9262-299d87e21186","IAB-12GM60B2-3S1A 112618"
"NÖDİNG P115-400-G161","9d8da460-0ee5-48ba-93ab-4306c10ca869",2024-07-04T15:59:47Z,2024-07-04T15:59:58Z,"8901a580-8b7d-4cf0-9262-299d87e21186","NÖDİNG P115-400-G161"
"NÖDİNG P121-404-311","9dcf56d7-af01-41b5-98ac-eae611e52f72",2024-07-04T15:59:48Z,2024-07-04T16:00:15Z,"8901a580-8b7d-4cf0-9262-299d87e21186","NÖDİNG P121-404-311"
"AECO FT18SM-CBR 90","9e1663bc-fb8d-40b1-8a3f-bde8a4cda75f",2024-07-04T15:39:57Z,2024-07-04T15:40:05Z,"8901a580-8b7d-4cf0-9262-299d87e21186","AECO FT1000537"
"KLASCHKA HAD-18g98b1-5Vd1","a205d6d8-b781-4f34-87e2-e2d00c9f39a7",2024-07-04T15:56:30Z,2024-07-04T16:13:57Z,"8901a580-8b7d-4cf0-9262-299d87e21186","HAD-18g98b1-5Vd1 132667"
"FU-35FA","a27ded1c-7ac8-48f6-95e5-f9aade6b5601",2024-07-04T15:49:33Z,2024-07-04T15:49:55Z,"8901a580-8b7d-4cf0-9262-299d87e21186","FU-35FA"
"NÖDİNG P121-400-D11","a7f645ac-fba3-431d-b539-5f75438e162e",2024-07-04T15:59:47Z,2024-07-04T16:00:12Z,"8901a580-8b7d-4cf0-9262-299d87e21186","NÖDİNG P121-400-D11"
"EUCHNER ES502HR","a809950d-433c-4d85-9701-26893a2f6d9e",2024-07-04T15:47:08Z,2024-07-04T15:47:59Z,"8901a580-8b7d-4cf0-9262-299d87e21186","EUCHNER 010397 EUCHNER ES502HR"
"BALLUF BES02Y7","a96eb238-c8c9-4ec6-808d-fcb3a27fe4dd",2024-07-04T15:44:45Z,2024-07-04T15:45:06Z,"8901a580-8b7d-4cf0-9262-299d87e21186","BES M18ME1-PSC20F-S04G"
"NÖDİNG P121-4B1-311","aa2612d8-cae7-456c-b271-1c4dfe7df3a5",2024-07-04T16:00:33Z,2024-07-04T16:00:36Z,"8901a580-8b7d-4cf0-9262-299d87e21186","NÖDİNG P121-4B1-311"
"OMRON ESB-M12KS04-M1-B1","abf34540-d3ab-4da0-80d9-4cf496fc2ab0",2024-07-04T16:02:31Z,2024-07-04T16:02:37Z,"8901a580-8b7d-4cf0-9262-299d87e21186","OMRON ESB-M12KS04-M1-B1"
"OMRON E3FA--DP13","aedebc7b-00e5-46de-84e4-de0924929fc8",2024-07-04T16:01:47Z,2024-07-04T16:02:07Z,"8901a580-8b7d-4cf0-9262-299d87e21186","OMRON E3FA--DP13"
"BALLUF BES01FR","b02e92a0-d317-4b9f-8c2a-efc6ca44726c",2024-07-04T15:43:46Z,2024-07-04T15:44:03Z,"8901a580-8b7d-4cf0-9262-299d87e21186","BES 516-347-MO-C-S49"
"AECO SIQ80-CE50 PNP NO/NC","b0f7eee1-21a2-4fc6-ab51-13ddef1bbc86",2024-07-04T15:42:07Z,2024-07-04T15:42:19Z,"8901a580-8b7d-4cf0-9262-299d87e21186","AECO SIP000114"
"AECO SC30SP-C20 PNP NO+NC H","b212b2b3-e427-4957-a196-9a0b656ede23",2024-07-04T15:40:33Z,2024-07-04T15:40:39Z,"8901a580-8b7d-4cf0-9262-299d87e21186","AECO C30000017"
"AECO FT13-CF PNP NO LCO.30+M8/4","b48ce183-ccf2-44a7-882b-6b64979347a9",2024-07-04T15:39:51Z,2024-07-04T15:39:56Z,"8901a580-8b7d-4cf0-9262-299d87e21186","AECO FTQ000098"
"SCHMERSAL AZ/AZM 201 -B30-RTAG1P1-SZ","b4fc0e7f-7586-4c67-aafe-51b6f0401875",2024-07-04T16:04:52Z,2024-07-04T16:05:14Z,"8901a580-8b7d-4cf0-9262-299d87e21186","103013499"
"FS-V11P","b5ad53ac-bb8f-45a5-99be-212287e96c41",2024-07-04T15:49:26Z,2024-07-04T15:49:28Z,"8901a580-8b7d-4cf0-9262-299d87e21186","FS-V11P"
"BAUMER IGYX 08N17B3/L","b609a4eb-2659-4c06-8dba-be67fd4459fd",2024-07-04T15:45:40Z,2024-07-04T15:45:55Z,"8901a580-8b7d-4cf0-9262-299d87e21186","11084714"
"ELTRA ER40A1000S5/28P6X6PR2","b641000b-d770-4a37-8ab2-a8ec84cbdaad",2024-07-04T15:47:02Z,2024-07-04T15:47:16Z,"8901a580-8b7d-4cf0-9262-299d87e21186","ELTRA ER40A1000S5/28P6X6PR2"
"SCHMERSAL SRB-E-301MC","b6ae68db-e2ab-42e1-9962-44f7533b22e2",2024-07-04T16:05:29Z,2024-07-04T16:05:48Z,"8901a580-8b7d-4cf0-9262-299d87e21186","103014374"
"LEUZE HRTR 3B/6.7-S8","ba8bd92d-8fb8-4dda-9a4f-0cac4e31cf93",2024-07-04T15:57:57Z,2024-07-04T15:58:13Z,"8901a580-8b7d-4cf0-9262-299d87e21186","LEUZE 50107241 LEUZE HRTR 3B/6.7-S8"
"OMRON G2R-2-SN DC24(S)","bb8d9cbb-e301-4d0d-8c47-60c540993c2e",2024-07-04T16:02:32Z,2024-07-04T16:02:41Z,"8901a580-8b7d-4cf0-9262-299d87e21186","OMRON G2R-2-SN DC24(S)"
"LEUZE HT10L 1.3 /L6X-M12","bbb242d7-c7cb-4719-9338-66b6a73e0d82",2024-07-04T15:58:00Z,2024-07-04T15:58:28Z,"8901a580-8b7d-4cf0-9262-299d87e21186","LEUZE 50128388 LEUZE HT10L 1.3 /L6X-M12"
"NÖDİNG P20-HA9-1311","be0c0242-8c24-428a-a802-add8eac1a76c",2024-07-04T16:00:49Z,2024-07-04T16:00:59Z,"8901a580-8b7d-4cf0-9262-299d87e21186","NÖDİNG P20-HA9-1311"
"IFM E11861","bf0e7199-65d1-4637-861b-ad383b9945f1",2024-07-04T15:50:10Z,2024-07-04T15:51:04Z,"8901a580-8b7d-4cf0-9262-299d87e21186","E11861"
"LEUZE GS 61/6.2-S8","c1c793ec-0c9d-46ba-bd02-c52e2a3968f3",2024-07-04T15:57:29Z,2024-07-04T15:57:46Z,"8901a580-8b7d-4cf0-9262-299d87e21186","LEUZE 50110108 LEUZE GS 61/6.2-S8"
"LEUZE MSI-SR4","c27221d4-ce73-4e8d-aa6a-8e8dabe627f9",2024-07-04T15:58:31Z,2024-07-04T15:58:57Z,"8901a580-8b7d-4cf0-9262-299d87e21186","LEUZE 549986 LEUZE MSI-SR4"
"LEUZE ODS 110L1.3/LCT-M12","c514628c-d67b-4dae-8e82-ec89fc1ef50d",2024-07-04T15:58:59Z,2024-07-04T15:59:10Z,"8901a580-8b7d-4cf0-9262-299d87e21186","LEUZE 50138063 LEUZE ODS 110L1.3/LCT-M12"
"AECO FTO8M-CBR LC 5.5","c55ca08f-9620-4abb-939b-e8e624599bdc",2024-07-04T15:40:06Z,2024-07-04T15:40:18Z,"8901a580-8b7d-4cf0-9262-299d87e21186","AECO FT 1000420"
"EUCHNER RGBF08D12-502-M","c5f19e90-9c5e-4eee-a74d-ac6848ea57bb",2024-07-04T15:48:04Z,2024-07-04T15:49:05Z,"8901a580-8b7d-4cf0-9262-299d87e21186","EUCHNER 082317 EUCHNER RGBF08D12-502-M "
"KLASCHKA HAD-11ms60b2,5-5Y2","c6624f0f-50e8-477b-9232-2b22d5d33167",2024-07-04T15:54:08Z,2024-07-04T15:55:56Z,"8901a580-8b7d-4cf0-9262-299d87e21186","HAD-11ms60b2,5-5Y2 132653"
"BALLUF BES02NC","c9cc1b25-1061-4f47-911b-8ad013b9a48a",2024-07-04T15:44:44Z,2024-07-04T15:45:00Z,"8901a580-8b7d-4cf0-9262-299d87e21186","BES M12EI-PSC40B-S4G-S01"
"SCHMERSAL SE-304C","c9f51bd4-3287-453f-9dab-fabcf6d63010",2024-07-04T16:05:28Z,2024-07-04T16:05:37Z,"8901a580-8b7d-4cf0-9262-299d87e21186","1165883"
"AECO SM-85","ca14290c-6d20-4f3e-b058-a05f6aeefc73",2024-07-04T15:42:28Z,2024-07-04T15:42:38Z,"8901a580-8b7d-4cf0-9262-299d87e21186","AECO CLM000016"
"PANASONIC FX-311P","caa6907c-d5e8-487c-8d34-54fba68658d9",2024-07-04T16:04:27Z,2024-07-04T16:04:36Z,"8901a580-8b7d-4cf0-9262-299d87e21186","FX-311P"
"ELTRA ER 40A100S5/28P6X6PR.222","cb5bac5e-b915-437f-a473-bbcdd4cb91d0",2024-07-04T15:46:11Z,2024-07-04T15:46:51Z,"8901a580-8b7d-4cf0-9262-299d87e21186","ELTRA ER 40A100S5/28P6X6PR.222"
"ASCON X1-5150-0000","cd51a539-fbd8-413a-ae7d-0961b054995c",2024-07-04T15:43:02Z,2024-07-04T15:43:09Z,"8901a580-8b7d-4cf0-9262-299d87e21186","ASCON X1-5150-0000"
"IFM EVT005","ce5fa2c6-d06d-4e60-8ac2-fb0776a86974",2024-07-04T15:50:16Z,2024-07-04T15:51:34Z,"8901a580-8b7d-4cf0-9262-299d87e21186","EVT005 "
"FS-T1P","cf4bde3e-10fb-4b25-a35f-42d2563e9a19",2024-07-04T15:48:08Z,2024-07-04T15:49:23Z,"8901a580-8b7d-4cf0-9262-299d87e21186","FS-T1P"
"AECO SC30M-CE25 PNP NO+NC K","cfcf9d5a-ea82-40a4-92e5-83328053dddc",2024-07-04T15:40:29Z,2024-07-04T15:40:33Z,"8901a580-8b7d-4cf0-9262-299d87e21186","AECO CAP000041"
"IFM OGE300","d03b723d-e263-45b6-83ff-9f13e25a69b8",2024-07-04T15:52:39Z,2024-07-04T15:53:08Z,"8901a580-8b7d-4cf0-9262-299d87e21186","OGE300"
"OMRON E2B-M12LS04-M1-B1","d1cd9aa2-8b7e-4889-9448-b5b3140058c7",2024-07-04T16:01:26Z,2024-07-04T16:01:41Z,"8901a580-8b7d-4cf0-9262-299d87e21186","OMRON E2B-M12LS04-M1-B1"
"ELTRA 80P600S5/28P10X3PR","d21b4a92-75c5-48cb-b0bc-bfe25adf9f19",2024-07-04T15:46:07Z,2024-07-04T15:46:35Z,"8901a580-8b7d-4cf0-9262-299d87e21186","ELTRA 80P600S5/28P10X3PR"
"OMRON GRT1-ID4-1","d31cf559-8c81-4135-9932-316c21c7394d",2024-07-04T16:02:33Z,2024-07-04T16:02:46Z,"8901a580-8b7d-4cf0-9262-299d87e21186","OMRON GRT1-ID4-1"
"PANASONIC CX-491-P","d376b2a5-7306-4338-84c4-a190523b2735",2024-07-04T16:04:00Z,2024-07-04T16:04:10Z,"8901a580-8b7d-4cf0-9262-299d87e21186","CX-491-P"
"EUCHNER GSBF06D08-552-M","d551a00e-c32a-4576-92f5-3e70d1b8e7ae",2024-07-04T15:48:02Z,2024-07-04T15:48:32Z,"8901a580-8b7d-4cf0-9262-299d87e21186","EUCHNER 085987 EUCHNER GSBF06D08-552-M"
"OMRON Z-15GW55","d7d30ce0-1ce6-4290-8991-6fcbe7c1ec2e",2024-07-04T16:02:54Z,2024-07-04T16:03:19Z,"8901a580-8b7d-4cf0-9262-299d87e21186","OMRON Z-15GW55"
"KLASCHKA HAD-11ms45b2,5-5S1","d84d0b65-62b0-4663-93b9-d86b0cf3e623",2024-07-04T15:53:57Z,2024-07-04T15:54:29Z,"8901a580-8b7d-4cf0-9262-299d87e21186","HAD-11ms45b2,5-5S1 132601"
"IFM II5436","daa39eef-3857-47d6-9dd1-389f14294c1e",2024-07-04T15:51:37Z,2024-07-04T15:52:04Z,"8901a580-8b7d-4cf0-9262-299d87e21186","II5436"
"IFM IN5186","daf9d78b-3eb3-4f9a-859b-6e77445a6aa2",2024-07-04T15:51:40Z,2024-07-04T15:52:26Z,"8901a580-8b7d-4cf0-9262-299d87e21186","IN5186"
"SMC MSQB200R-XF","db66bc75-e393-4f30-a8ed-6966d74b23a9",2024-07-04T16:05:57Z,2024-07-04T16:06:11Z,"8901a580-8b7d-4cf0-9262-299d87e21186","SMC MSQB200R-XF"
"FS-V31CP","dbc6908d-ce18-4627-be44-7cfc3ff04797",2024-07-04T15:49:30Z,2024-07-04T15:49:44Z,"8901a580-8b7d-4cf0-9262-299d87e21186","FS-V31CP"
"IFM OGS300","de3774f8-2a4c-40ab-88fd-fea04da27dc3",2024-07-04T15:50:07Z,2024-07-04T15:50:37Z,"8901a580-8b7d-4cf0-9262-299d87e21186","OGS300"
"AECO SI18SM-B5 NO/NC H","e1eeddba-01cd-460d-afbb-bd7900f42a30",2024-07-04T15:41:38Z,2024-07-04T15:41:45Z,"8901a580-8b7d-4cf0-9262-299d87e21186","AECO I18000640"
"IFM PT3540","e4e7b5bb-0cf9-41ed-95e1-05fdb4d8df6b",2024-07-04T15:52:44Z,2024-07-04T15:53:37Z,"8901a580-8b7d-4cf0-9262-299d87e21186","PT3540"
"BALLUF BES02L6","e5710d99-b59c-498b-b6c3-1be3aeb4462b",2024-07-04T15:44:06Z,2024-07-04T15:44:34Z,"8901a580-8b7d-4cf0-9262-299d87e21186","BES516-3005-FO-N-03"
"IFM IG0374","e7ccd584-4f45-4570-8d2a-ce19d0ae2986",2024-07-04T15:51:36Z,2024-07-04T15:51:56Z,"8901a580-8b7d-4cf0-9262-299d87e21186","IG0374"
"IFM O5D150","e9bbfb2e-5486-48af-8e05-c89aea1a9305",2024-07-04T15:52:38Z,2024-07-04T15:53:02Z,"8901a580-8b7d-4cf0-9262-299d87e21186","O5D150"
"BALLUF BAE010M","ea42c8e0-0f75-4cb3-b729-6a1ea817b89b",2024-07-04T15:43:10Z,2024-07-04T15:43:19Z,"8901a580-8b7d-4cf0-9262-299d87e21186","BDD 750-1P01-000-203-2-A"
"PANASONIC CY-122A-P-Z","ebde4306-77d8-40fe-9ff4-85c2df710f98",2024-07-04T16:04:01Z,2024-07-04T16:04:15Z,"8901a580-8b7d-4cf0-9262-299d87e21186","CY-122 A-P-Z"
"BALLUF BES0001","ec96df1c-47bf-4beb-b6ab-98278bf994c5",2024-07-04T15:43:36Z,2024-07-04T15:43:46Z,"8901a580-8b7d-4cf0-9262-299d87e21186","BES M12MI-PSC40B-BV03"
"LEUZE MA8-01","ecc2da29-0d29-4e3e-8042-95fd8e24bbd6",2024-07-04T15:58:30Z,2024-07-04T15:58:52Z,"8901a580-8b7d-4cf0-9262-299d87e21186","LEUZE 50104790 LEUZE MA8-01"
"KLASCHKA HAD-18mg82b1-5NT12m","ecf242f0-92cd-4867-a8a0-439f90baa141",2024-07-04T15:56:31Z,2024-07-04T15:56:47Z,"8901a580-8b7d-4cf0-9262-299d87e21186","HAD-18mg82b1-5NT12m"
"PZ-V12P","ed42b948-2515-4842-bea6-be7eb90620f7",2024-07-04T16:04:51Z,2024-07-04T16:05:04Z,"8901a580-8b7d-4cf0-9262-299d87e21186","PZ-V12P"
"KLASCHKA HAD-12er55b2,5-5NK12m","ee9d3055-17ba-40c5-b922-808363ffdd2f",2024-07-04T15:54:12Z,2024-07-04T15:56:30Z,"8901a580-8b7d-4cf0-9262-299d87e21186","HAD-12er55b2,5-5NK12m 132638"
"SMC D-M9P","f1260ab5-2b92-45aa-af89-1371e4ccd3df",2024-07-04T16:05:56Z,2024-07-04T16:06:07Z,"8901a580-8b7d-4cf0-9262-299d87e21186","SMC D-M9P"
"PANASONIC HG-C1100-P","f1bdb575-1ec9-43f8-8f91-5fa51af2c259",2024-07-04T16:04:28Z,2024-07-04T16:04:45Z,"8901a580-8b7d-4cf0-9262-299d87e21186","HG-C1100-P"
"AECO SI12-CE4 NPN NO H","f257c87b-60ff-489d-8016-76b617f88895",2024-07-04T15:41:01Z,2024-07-04T15:41:07Z,"8901a580-8b7d-4cf0-9262-299d87e21186","AECO I12000086"
"ELTRA EH80C2000Z5L 14X3PR","f26af869-3eb3-4162-aed9-891ca8eae9e6",2024-07-04T15:46:09Z,2024-07-04T15:46:40Z,"8901a580-8b7d-4cf0-9262-299d87e21186","ELTRA EH80C2000Z5L 14X3PR"
"FS-N15CP","f36ac69d-3f43-405e-b5b3-ec7b3f898ecd",2024-07-04T15:48:07Z,2024-07-04T15:49:19Z,"8901a580-8b7d-4cf0-9262-299d87e21186","FS-N15CP"
"OMRON XS3F-LM8PVC4S5M","f3d0e19b-1c39-424b-852f-86f7dfabc291",2024-07-04T16:02:53Z,2024-07-04T16:03:16Z,"8901a580-8b7d-4cf0-9262-299d87e21186","OMRON XS3F-LM8PVC4S5M"
"AECO SI18-C5 PNP NO H","f5705fa6-710a-428d-b0f6-f68ecd703ca8",2024-07-04T15:41:33Z,2024-07-04T15:41:37Z,"8901a580-8b7d-4cf0-9262-299d87e21186","AECO I18000057"
"KLASCHKA HAD-12er55b2,5-5NK12m","f8bb464d-2243-4848-8de0-57665cc2b8a7",2024-07-04T15:54:11Z,2024-07-04T15:56:24Z,"8901a580-8b7d-4cf0-9262-299d87e21186","HAD-12er55b2,5-5NK12m 132638"
"KLASCHKA HAD-11ms60b2,5-50Y1","f91cc526-4b18-48e0-ae06-21a17e6e59dd",2024-07-04T15:54:06Z,2024-07-04T15:54:45Z,"8901a580-8b7d-4cf0-9262-299d87e21186","HAD-11ms60b2,5-50Y1 132607"
"BAUMER IFRM 08P17A3/S35L","f9326553-d070-4748-ba08-3435bf5692c7",2024-07-04T15:45:28Z,2024-07-04T15:45:38Z,"8901a580-8b7d-4cf0-9262-299d87e21186","10138747"
"BALLUF BCC09JC","fa6d4b9b-33b5-4314-a80a-9c74a91a46ef",2024-07-04T15:43:19Z,2024-07-04T15:43:34Z,"8901a580-8b7d-4cf0-9262-299d87e21186","BCC M415-M313-M313-U0014-000"
"KLASCHKA HAD-11ms60b2,5-5Y4","fd4d996e-c8fb-4643-97e4-e9be97c83b90",2024-07-04T15:54:10Z,2024-07-04T15:56:16Z,"8901a580-8b7d-4cf0-9262-299d87e21186","HAD-11msb2,5-5Y4 132657"
"IV-150MA","fe187aab-564b-4a9d-88aa-042e97d79c1c",2024-07-04T15:53:42Z,2024-07-04T15:53:50Z,"8901a580-8b7d-4cf0-9262-299d87e21186","IV-150MA"
"KLASCHKA HAD-11ms60b2,5-50Y2","ff33fe03-06e3-45ee-8a97-237b72b61d60",2024-07-04T15:54:07Z,2024-07-04T15:54:51Z,"8901a580-8b7d-4cf0-9262-299d87e21186","HAD-11ms60b2,5-50Y2 132608"
